{"cameraMode":{"drawMode":0,"name":"Shaded","section":"Shading Mode"},"sceneLighting":true,"audioPlay":false,"sceneViewState":{"showFog":true,"showMaterialUpdate":false,"showSkybox":true,"showFlares":true,"showImageEffects":true,"showParticleSystems":true},"in2DMode":false,"pivot":{"x":10.287322044372559,"y":-63.08498001098633,"z":-115.54425811767578},"rotation":{"x":0.005097824148833752,"y":0.9808198809623718,"z":-0.1931183636188507,"w":0.025918304920196534},"size":130.744384765625,"orthographic":false}