{"cameraMode":{"drawMode":0,"name":"Shaded","section":"Shading Mode"},"sceneLighting":true,"audioPlay":false,"sceneViewState":{"showFog":true,"showMaterialUpdate":false,"showSkybox":true,"showFlares":true,"showImageEffects":true,"showParticleSystems":true},"in2DMode":false,"pivot":{"x":6.189150810241699,"y":-2.0251431465148927,"z":-72.90975189208985},"rotation":{"x":0.1461508423089981,"y":-0.8479265570640564,"z":0.41054201126098635,"w":0.3018384277820587},"size":65.06332397460938,"orthographic":false}