{"cameraMode":{"drawMode":0,"name":"Shaded","section":"Shading Mode"},"sceneLighting":true,"audioPlay":false,"sceneViewState":{"showFog":false,"showMaterialUpdate":false,"showSkybox":false,"showFlares":false,"showImageEffects":false,"showParticleSystems":true},"in2DMode":false,"pivot":{"x":22.719776153564454,"y":2.4717631340026857,"z":28.280000686645509},"rotation":{"x":0.2087663859128952,"y":-0.002319035353139043,"z":0.0005073756328783929,"w":0.9779924154281616},"size":13.029558181762696,"orthographic":false}