{"cameraMode":{"drawMode":0,"name":"Shaded","section":"Shading Mode"},"sceneLighting":true,"audioPlay":false,"sceneViewState":{"showFog":false,"showMaterialUpdate":false,"showSkybox":false,"showFlares":false,"showImageEffects":false,"showParticleSystems":true},"in2DMode":false,"pivot":{"x":-8.498954772949219,"y":-60.043701171875,"z":-75.89768981933594},"rotation":{"x":-0.026351355016231538,"y":-0.8812962770462036,"z":0.4692894518375397,"w":-0.049468718469142917},"size":55.239234924316409,"orthographic":false}