{"cameraMode":{"drawMode":0,"name":"Shaded","section":"Shading Mode"},"sceneLighting":true,"audioPlay":false,"sceneViewState":{"showFog":false,"showMaterialUpdate":false,"showSkybox":false,"showFlares":false,"showImageEffects":false,"showParticleSystems":true},"in2DMode":false,"pivot":{"x":3.874643087387085,"y":-1.9247875213623047,"z":-0.2933826446533203},"rotation":{"x":-0.3512493669986725,"y":-0.08105752617120743,"z":0.030518312007188798,"w":-0.9322980046272278},"size":11.916109085083008,"orthographic":false}