{"cameraMode":{"drawMode":0,"name":"Shaded","section":"Shading Mode"},"sceneLighting":false,"audioPlay":false,"sceneViewState":{"showFog":false,"showMaterialUpdate":false,"showSkybox":false,"showFlares":false,"showImageEffects":false,"showParticleSystems":true},"in2DMode":false,"pivot":{"x":-7.102242469787598,"y":2.5818779468536379,"z":-0.2862355411052704},"rotation":{"x":-0.17438454926013947,"y":0.7127665281295776,"z":-0.19061508774757386,"w":-0.6521074771881104},"size":1.5726349353790284,"orthographic":false}