{"cameraMode":{"drawMode":0,"name":"Shaded","section":"Shading Mode"},"sceneLighting":false,"audioPlay":false,"sceneViewState":{"showFog":false,"showMaterialUpdate":false,"showSkybox":false,"showFlares":false,"showImageEffects":false,"showParticleSystems":true},"in2DMode":false,"pivot":{"x":-1.076631784439087,"y":-6.266569137573242,"z":-9.472269058227539},"rotation":{"x":0.39133718609809878,"y":0.03035811521112919,"z":-0.012911377474665642,"w":0.9196721315383911},"size":17.311641693115236,"orthographic":false}