{"cameraMode":{"drawMode":0,"name":"Shaded","section":"Shading Mode"},"sceneLighting":false,"audioPlay":false,"sceneViewState":{"showFog":false,"showMaterialUpdate":false,"showSkybox":false,"showFlares":false,"showImageEffects":false,"showParticleSystems":true},"in2DMode":false,"pivot":{"x":5.542722225189209,"y":1.5159316062927247,"z":30.080495834350587},"rotation":{"x":-0.2885865271091461,"y":-0.4386114478111267,"z":0.15111614763736726,"w":-0.8375703692436218},"size":0.7037880420684815,"orthographic":false}