{"cameraMode":{"drawMode":0,"name":"Shaded","section":"Shading Mode"},"sceneLighting":false,"audioPlay":false,"sceneViewState":{"showFog":false,"showMaterialUpdate":false,"showSkybox":false,"showFlares":false,"showImageEffects":false,"showParticleSystems":true},"in2DMode":false,"pivot":{"x":30.042478561401368,"y":-8.685083389282227,"z":86.80345916748047},"rotation":{"x":-0.07131922245025635,"y":-0.9253109693527222,"z":0.3012155294418335,"w":-0.2190924882888794},"size":13.790772438049317,"orthographic":false}