{"cameraMode":{"drawMode":0,"name":"Shaded","section":"Shading Mode"},"sceneLighting":false,"audioPlay":false,"sceneViewState":{"showFog":false,"showMaterialUpdate":false,"showSkybox":false,"showFlares":false,"showImageEffects":false,"showParticleSystems":true},"in2DMode":false,"pivot":{"x":12.609169006347657,"y":1.3097715377807618,"z":-72.287109375},"rotation":{"x":-0.16650600731372834,"y":0.7983898520469666,"z":-0.5188767910003662,"w":-0.25619709491729739},"size":18.172563552856447,"orthographic":false}