{"cameraMode":{"drawMode":0,"name":"Shaded","section":"Shading Mode"},"sceneLighting":true,"audioPlay":false,"sceneViewState":{"showFog":false,"showMaterialUpdate":false,"showSkybox":false,"showFlares":false,"showImageEffects":false,"showParticleSystems":true},"in2DMode":false,"pivot":{"x":6.867341041564941,"y":6.619659900665283,"z":-57.310279846191409},"rotation":{"x":0.12915396690368653,"y":-0.8697789311408997,"z":0.3590526282787323,"w":0.31286609172821047},"size":34.8523063659668,"orthographic":false}