{"cameraMode":{"drawMode":0,"name":"Shaded","section":"Shading Mode"},"sceneLighting":false,"audioPlay":false,"sceneViewState":{"showFog":false,"showMaterialUpdate":false,"showSkybox":false,"showFlares":false,"showImageEffects":false,"showParticleSystems":true},"in2DMode":false,"pivot":{"x":10.937744140625,"y":2.7199997901916506,"z":-2.4720005989074709},"rotation":{"x":0.13310334086418153,"y":0.8582125306129456,"z":-0.27851706743240359,"w":0.41012901067733767},"size":1.151045322418213,"orthographic":false}